text,images
16,./regions/1000020586_8.png
924444222,./regions/1000020570_10.png
1,./regions/1000020588_8.png
A.A,./regions/1000020614_7.png
Debebe Mihiret Yaekob,./regions/1000020610_6.png
27-06-1999,./regions/1000020610_13.png
Amanuel Eyob,./regions/1000020578_4.png
Daniel Wondafrash Ermi,./regions/1000020597_4.png
11/3/2004,./regions/1000020597_14.png
911332255,./regions/1000020603_10.png
12,./regions/1000020576_9.png
Michael Surafel,./regions/1000020585_4.png
41,./regions/1000020601_1.png
3,./regions/1000020581_7.png
Bole,./regions/1000020602_6.png
2,./regions/1000020589_8.png
Elora Yoseph Bezabih,./regions/1000020571_4.png
6,./regions/1000020573_10.png
10,./regions/1000020606_7.png
lemma@gmail.com,./regions/1000020589_13.png
-,./regions/1000020605_11.png
4,./regions/1000020612_7.png
A.A,./regions/1000020615_4.png
1987,./regions/1000020605_12.png
01/01/1997,./regions/1000020602_13.png
20/06/2001,./regions/1000020590_15.png
Addis Ababa,./regions/1000020597_3.png
17,./regions/1000020572_1.png
26,./regions/1000020594_3.png
911111621,./regions/1000020580_10.png
18,./regions/1000020610_2.png
10,./regions/1000020571_7.png
901020304,./regions/1000020589_10.png
912131415,./regions/1000020610_11.png
1244,./regions/1000020573_20.png
-,./regions/1000020611_12.png
14,./regions/1000020599_8.png
18/11/2002,./regions/1000020592_15.png
04/22/1990,./regions/1000020602_12.png
23,./regions/1000020614_3.png
Aster Nega,./regions/1000020590_5.png
12,./regions/1000020576_7.png
1,./regions/1000020586_4.png
Bisrat@gmail.com,./regions/1000020588_16.png
911273361,./regions/1000020571_10.png
3,./regions/1000020569_7.png
Addis Ababa,./regions/1000020601_3.png
3,./regions/1000020598_8.png
Bole,./regions/1000020581_6.png
984412148,./regions/1000020573_19.png
Yohanna Habtamu,./regions/1000020572_4.png
9,./regions/1000020607_8.png
debebe@gmail.com,./regions/1000020610_14.png
bezabeh4ever@gmail.com,./regions/1000020576_13.png
Arada,./regions/1000020596_5.png
Bruktawit Zereyakob Abebe,./regions/1000020570_3.png
12/10/2002,./regions/1000020614_14.png
Miki@gmail.com,./regions/1000020601_13.png
1990/02/06,./regions/1000020580_12.png
27/08/1998,./regions/1000020591_15.png
-,./regions/1000020605_8.png
Addis Ababa,./regions/1000020591_4.png
4,./regions/1000020591_8.png
911111516,./regions/1000020599_11.png
4,./regions/1000020592_7.png
Nathnael Kebede,./regions/1000020581_5.png
Arada,./regions/1000020577_6.png
Alebachew Mola Eshete,./regions/1000020598_5.png
935064189,./regions/1000020585_10.png
Addis Ababa,./regions/1000020603_3.png
1000,./regions/1000020585_11.png
-,./regions/1000020592_8.png
ihiwote Demisse,./regions/1000020577_4.png
3,./regions/1000020572_7.png
8411,./regions/1000020574_11.png
08/6/2001,./regions/1000020589_14.png
1,./regions/1000020587_4.png
A. Abeba,./regions/1000020577_3.png
29,./regions/1000020605_1.png
-,./regions/1000020599_9.png
2,./regions/1000020587_7.png
Lamma Kassa,./regions/1000020589_5.png
22,./regions/1000020593_2.png
16,./regions/1000020580_8.png
tesema@gmail.com,./regions/1000020607_14.png
Hana@gmail.com,./regions/1000020603_13.png
30,./regions/1000020607_2.png
1,./regions/1000020590_9.png
909090909,./regions/1000020607_11.png
girma33@gmail.com,./regions/1000020613_14.png
Dire Dawa,./regions/1000020600_3.png
Nifas Silk Lafto,./regions/1000020591_7.png
26/04/1886,./regions/1000020600_12.png
919489855,./regions/1000020588_13.png
1983,./regions/1000020574_12.png
11,./regions/1000020605_7.png
Yared teshome zeleke,./regions/1000020605_5.png
Addis Ababa,./regions/1000020592_3.png
Bezawit Yishak,./regions/1000020586_5.png
26/11/1883,./regions/1000020601_12.png
12/04/1994,./regions/1000020600_13.png
1117,./regions/1000020587_11.png
911208341,./regions/1000020612_11.png
Dawit Nega,./regions/1000020614_6.png
-,./regions/1000020610_12.png
Dawit@gmail.com,./regions/1000020614_16.png
26,./regions/1000020591_2.png
1,./regions/1000020594_7.png
35,./regions/1000020599_2.png
25,./regions/1000020590_2.png
Ayelech Mulatu Astatke,./regions/1000020612_4.png
04/01/1972,./regions/1000020569_14.png
30,./regions/1000020587_1.png
Shemsu Shemsit Shemsoch,./regions/1000020594_6.png
Mekuria tegegn Minalu,./regions/1000020599_5.png
21/10/94,./regions/1000020587_14.png
Mohamed Hadmid Ali,./regions/1000020608_4.png
South,./regions/1000020608_5.png
3,./regions/1000020588_10.png
frieejos@gma,./regions/1000020578_13.png
8,./regions/1000020573_18.png
ABEL ABEBE KEBEDE,./regions/1000020580_2.png
07/05/2000,./regions/1000020606_12.png
1000,./regions/1000020586_11.png
26/05/1998,./regions/1000020594_16.png
17,./regions/1000020606_1.png
27/04/84,./regions/1000020588_17.png
18/06/2002,./regions/1000020593_15.png
12,./regions/1000020601_7.png
900010203,./regions/1000020575_10.png
21/04/2000,./regions/1000020613_12.png
-,./regions/1000020577_13.png
27,./regions/1000020603_1.png
8,./regions/1000020580_7.png
Addis Ababa,./regions/1000020593_4.png
32,./regions/1000020578_1.png
907090909,./regions/1000020591_11.png
Bole,./regions/1000020570_6.png
36,./regions/1000020574_1.png
4,./regions/1000020573_16.png
22,./regions/1000020592_1.png
12/11/1993,./regions/1000020589_12.png
911223344,./regions/1000020602_10.png
19/08/76,./regions/1000020588_15.png
Bole,./regions/1000020601_6.png
8,./regions/1000020575_8.png
25,./regions/1000020585_1.png
Hana Abebe Zena,./regions/1000020603_4.png
Chala Abubeker Bekele,./regions/1000020592_5.png
7,./regions/1000020596_6.png
Yeneneh Asrat Belete,./regions/1000020587_5.png
Muse Zerihun Baka,./regions/1000020574_3.png
1992/03/15,./regions/1000020581_12.png
-,./regions/1000020604_11.png
20,./regions/1000020597_1.png
Bisrat Getachew Tesfaye,./regions/1000020588_7.png
ewoin Abebe,./regions/1000020573_13.png
19,./regions/1000020615_2.png
1928,./regions/1000020589_11.png
milky@gmail.com,./regions/1000020606_14.png
Hailemeskel Gebreegziabher kidane,./regions/1000020569_5.png
52,./regions/1000020569_1.png
920010204,./regions/1000020611_11.png
911121314,./regions/1000020608_10.png
22,./regions/1000020611_2.png
05-06-1999,./regions/1000020585_14.png
-,./regions/1000020599_6.png
945559441,./regions/1000020594_12.png
911121314,./regions/1000020614_12.png
16/12/1988,./regions/1000020598_14.png
YEKA,./regions/1000020597_6.png
3,./regions/1000020585_7.png
974090909,./regions/1000020592_10.png
28-09-1991,./regions/1000020585_12.png
988214811,./regions/1000020574_10.png
36,./regions/1000020598_1.png
29,./regions/1000020577_1.png
1112,./regions/1000020590_12.png
27,./regions/1000020602_1.png
chalarocks@gmail.com,./regions/1000020575_13.png
24/01/2010,./regions/1000020573_21.png
950505060,./regions/1000020606_10.png
Addis Ababa,./regions/1000020570_4.png
Kebede Fekede,./regions/1000020615_5.png
Addis Abab,./regions/1000020596_2.png
2,./regions/1000020610_8.png
1/1,./regions/1000020573_14.png
-,./regions/1000020604_13.png
901034524,./regions/1000020600_10.png
-,./regions/1000020591_14.png
26,./regions/1000020608_1.png
piassa,./regions/1000020588_9.png
913038556,./regions/1000020577_10.png
Addis Ababa,./regions/1000020588_6.png
4,./regions/1000020588_11.png
01/04/1994,./regions/1000020570_13.png
11/10/1988,./regions/1000020577_12.png
20,./regions/1000020571_1.png
3,./regions/1000020590_6.png
muse@gmail.com,./regions/1000020574_14.png
5,./regions/1000020611_8.png
3/6/9,./regions/1000020605_14.png
912050366,./regions/1000020598_10.png
5,./regions/1000020608_7.png
Dire Dawa,./regions/1000020600_6.png
935452021,./regions/1000020597_10.png
A/A,./regions/1000020597_5.png
-,./regions/1000020611_5.png
Addis Ababa,./regions/1000020602_3.png
11/10/,./regions/1000020615_13.png
Mariamawit T/Hawaria t/Maria,./regions/1000020611_6.png
-,./regions/1000020604_6.png
Gete Wami Biratu,./regions/1000020596_3.png
19/12/1990,./regions/1000020591_13.png
42,./regions/1000020575_1.png
7/4/1981,./regions/1000020598_12.png
1,./regions/1000020593_8.png
02/01/1997,./regions/1000020603_14.png
26,./regions/1000020586_1.png
901030200,./regions/1000020576_10.png
909121212,./regions/1000020569_10.png
Chala Chebude Dandi,./regions/1000020575_5.png
12567/1000,./regions/1000020580_11.png
935452021,./regions/1000020596_9.png
naftali@gmail.com,./regions/1000020573_23.png
9,./regions/1000020603_7.png
Addis Ababa,./regions/1000020581_3.png
23,./regions/1000020576_1.png
26,./regions/1000020604_1.png
12/03/1991,./regions/1000020601_14.png
12,./regions/1000020570_7.png
971150341,./regions/1000020581_10.png
943506090,./regions/1000020605_10.png
Hafiz Ahmed Kebede,./regions/1000020591_6.png
kebede Fekede,./regions/1000020615_3.png
40,./regions/1000020588_4.png
A.A,./regions/1000020614_5.png
Mikiyas Yosef,./regions/1000020601_4.png
1000,./regions/1000020576_11.png
8,./regions/1000020575_7.png
-,./regions/1000020592_14.png
BOLE,./regions/1000020593_7.png
Bole,./regions/1000020615_7.png
4,./regions/1000020593_5.png
-,./regions/1000020591_9.png
Seble Wengel Hailu,./regions/1000020576_4.png
1976/09/12,./regions/1000020575_14.png
Almaz Duguma,./regions/1000020600_4.png
Kidist Alemayehu Zena,./regions/1000020602_4.png
27/04/2000,./regions/1000020572_12.png
-,./regions/1000020611_9.png
-,./regions/1000020591_12.png
-,./regions/1000020605_13.png
1,./regions/1000020593_9.png
11-19-1997,./regions/1000020608_12.png
05/22/1990,./regions/1000020603_12.png
mariamawit580@gmail,./regions/1000020611_14.png
987654321,./regions/1000020590_11.png
2017,./regions/1000020588_14.png
11/12/1992,./regions/1000020590_13.png
micos@gmail.com,./regions/1000020585_13.png
24,./regions/1000020581_1.png
Bole,./regions/1000020614_8.png
4,./regions/1000020597_7.png
Addis Ababa,./regions/1000020587_3.png
8,./regions/1000020615_8.png
912079020,./regions/1000020572_10.png
Helen Girmay taye,./regions/1000020593_6.png
940650444,./regions/1000020578_10.png
978628116,./regions/1000020586_10.png
2,./regions/1000020604_7.png
2,./regions/1000020585_5.png
